"Subject","Start Date","Start Time","End Date","End Time","All day event","Meeting Organizer","Description","Location"
"University Attendance, Test","29-5-2025","12:00:00 PM","29-5-2025","3:00:00 PM","False","Stefan Nicolae Gheorghiu","","University"
"Exam","6-6-2025","5:00:00 PM","6-6-2025","7:00:00 PM","False","Rares Anton Brezeanu","","University"
"Exam","10-6-2025","1:00:00 PM","10-6-2025","3:00:00 PM","False","Rares Anton Brezeanu","","University"
"Exam","13-6-2025","1:00:00 PM","13-6-2025","3:00:00 PM","False","Rares Anton Brezeanu","","University"
"Project Presentation","27-5-2025","7:00:00 PM","27-5-2025","9:00:00 PM","False","Daniela Haliga","",""
"Faculty exam + project presentation","29-5-2025","2:40:00 PM","29-5-2025","6:00:00 PM","False","Alin Avram","",""
"Faculty exam  ","2-6-2025","2:00:00 PM","2-6-2025","3:40:00 PM","False","Alin Avram","",""
"Faculty exam","3-6-2025","12:00:00 PM","3-6-2025","1:00:00 PM","False","Alin Avram","",""
"University Test + Project Presentation","2-6-2025","4:30:00 PM","2-6-2025","6:00:00 PM","False","Stefan Nicolae Gheorghiu","","University"
"Faculty exam","10-6-2025","7:00:00 PM","10-6-2025","9:00:00 PM","False","Alin Avram","",""
"Faculty exam","13-6-2025","7:30:00 PM","13-6-2025","9:30:00 PM","False","Alin Avram","",""
"Faculty exam","17-6-2025","1:30:00 PM","17-6-2025","3:30:00 PM","False","Alin Avram","",""
"University Test","6-6-2025","3:00:00 PM","6-6-2025","4:30:00 PM","False","Stefan Nicolae Gheorghiu","","University"
"Faculty exam","20-6-2025","1:30:00 PM","20-6-2025","3:30:00 PM","False","Alin Avram","",""
"University Exam","13-6-2025","4:30:00 PM","13-6-2025","6:30:00 PM","False","Stefan Nicolae Gheorghiu","","University"
"University Exam","16-6-2025","12:00:00 PM","16-6-2025","2:00:00 PM","False","Stefan Nicolae Gheorghiu","","University"
"University attendance: 2 faculty exams ","28-5-2025","1:00:00 PM","28-5-2025","6:00:00 PM","False","Alina Trincu","",""
"University attendance: faculty exam","29-5-2025","3:30:00 PM","29-5-2025","6:30:00 PM","False","Alina Trincu","",""
"University Exam","10-6-2025","8:00:00 PM","10-6-2025","10:30:00 PM","False","Simona Boicu","",""
"University Attendance: University Test ","28-5-2025","1:00:00 PM","28-5-2025","5:30:00 PM","False","Cosmin Chirazi","University Test ","University"
"University Attendance, Exam","28-5-2025","1:00:00 PM","28-5-2025","4:15:00 PM","False","Razvan Dumitru","","University"
"University Exam","28-5-2025","2:00:00 PM","28-5-2025","5:30:00 PM","False","Andrei Octavian Minca","",""
"University attendance: faculty test","28-5-2025","4:30:00 PM","28-5-2025","7:30:00 PM","False","Andrei Margelatu","",""
"University attendance: faculty project","28-5-2025","7:30:00 PM","28-5-2025","9:00:00 PM","False","Andrei Margelatu","",""
"University Exam","13-6-2025","8:00:00 PM","13-6-2025","10:30:00 PM","False","Simona Boicu","",""
"University Exam","16-6-2025","8:00:00 PM","16-6-2025","10:30:00 PM","False","Simona Boicu","",""
"University Exam","18-6-2025","8:00:00 PM","18-6-2025","10:30:00 PM","False","Simona Boicu","",""
"University Exam","25-6-2025","8:00:00 PM","25-6-2025","10:30:00 PM","False","Simona Boicu","",""
"CSCS conference at the faculty: I have to present a paper at the CSCS conference.","28-5-2025","7:00:00 PM","28-5-2025","9:00:00 PM","False","Costin Manolescu","I have to present a paper at the CSCS conference.","N.U.S.T Politehnica Bucharest"
"University Project presentation","29-5-2025","10:30:00 AM","29-5-2025","12:00:00 PM","False","David Postolea","",""
"Online University Meeting","29-5-2025","4:00:00 PM","29-5-2025","5:00:00 PM","False","Eduard George Stan","",""
"Exam","29-5-2025","1:30:00 PM","29-5-2025","3:30:00 PM","False","David Postolea","",""
"Project presentation & test","4-6-2025","8:30:00 PM","4-6-2025","11:30:00 PM","False","Teodor Leahu","",""
"Exam","11-6-2025","12:30:00 PM","11-6-2025","3:30:00 PM","False","Teodor Leahu","",""
"Exam","13-6-2025","12:30:00 PM","13-6-2025","3:30:00 PM","False","Teodor Leahu","",""
"Exam","16-6-2025","2:30:00 PM","16-6-2025","5:30:00 PM","False","Teodor Leahu","",""
"Exam","17-6-2025","11:30:00 AM","17-6-2025","2:30:00 PM","False","Teodor Leahu","",""
"Exam","19-6-2025","1:30:00 PM","19-6-2025","5:30:00 PM","False","Teodor Leahu","",""
"Project presentation & test","3-6-2025","2:30:00 PM","3-6-2025","5:30:00 PM","False","Teodor Leahu","",""
"Exam","29-5-2025","2:30:00 PM","29-5-2025","5:30:00 PM","False","Robert Alexandru Badea","","University"
"Exam","5-6-2025","6:00:00 PM","5-6-2025","9:00:00 PM","False","Robert Alexandru Badea","","University"
"University attendance: faculty test","29-5-2025","4:00:00 PM","29-5-2025","6:00:00 PM","False","Andrei Margelatu","",""
"Bachelor's degree exam registration","23-6-2025","12:00:00 PM","23-6-2025","1:00:00 PM","False","Rares Alexandru Iancu","",""
"Bachelor's degree exam","30-6-2025","11:30:00 AM","30-6-2025","3:30:00 PM","False","Rares Alexandru Iancu","",""
"University Project","29-5-2025","6:00:00 PM","29-5-2025","9:00:00 PM","False","Andrei Octavian Minca","",""
"exam","18-6-2025","11:00:00 AM","18-6-2025","2:00:00 PM","False","Alexandra Zamfir","",""
"Exam","4-6-2025","3:00:00 PM","4-6-2025","5:00:00 PM","False","Andreea Cacenschi","",""
"Exam","11-6-2025","9:30:00 AM","11-6-2025","12:30:00 PM","False","Andrei Ionascu","",""
"Exam","13-6-2025","9:30:00 AM","13-6-2025","1:30:00 PM","False","Andrei Ionascu","",""
"Exam","16-6-2025","11:30:00 AM","16-6-2025","3:30:00 PM","False","Andrei Ionascu","",""
"Exam","17-6-2025","1:00:00 PM","17-6-2025","3:00:00 PM","False","Andrei Ionascu","",""
"Exam","2-6-2025","8:35:00 AM","2-6-2025","9:05:00 AM","False","Andrei Ionascu","",""
"Exam","19-6-2025","10:30:00 AM","19-6-2025","2:30:00 PM","False","Andrei Ionascu","",""
"University Project: University Project","10-6-2025","1:30:00 PM","10-6-2025","4:00:00 PM","False","Simona Boicu","University Project",""
"Graduation","19-6-2025","2:30:00 PM","19-6-2025","6:30:00 PM","False","Rares Alexandru Iancu","",""
"Exam","3-6-2025","4:30:00 PM","3-6-2025","7:30:00 PM","False","Delia Tudor","",""
"Faculty Exam","6-6-2025","7:00:00 PM","6-6-2025","8:00:00 PM","False","Adrian Visan","",""
"Postolea David: University Exam","6-6-2025","3:00:00 PM","6-6-2025","5:00:00 PM","False","David Postolea","",""
"Postolea David: University Exam","10-6-2025","7:00:00 PM","10-6-2025","9:00:00 PM","False","David Postolea","",""
"Postolea David: University Exam","13-6-2025","4:30:00 PM","13-6-2025","6:30:00 PM","False","David Postolea","",""
"Postolea David: University Exam","16-6-2025","12:00:00 PM","16-6-2025","2:00:00 PM","False","David Postolea","",""
"Postolea David: University Exam","21-6-2025","1:30:00 PM","21-6-2025","3:30:00 PM","False","David Postolea","",""
"Postolea David: University Project presentation","5-6-2025","12:00:00 PM","5-6-2025","1:30:00 PM","False","David Postolea","",""
"University Attendance,Exam","6-6-2025","7:00:00 PM","6-6-2025","9:00:00 PM","False","Andrei Margelatu","",""
"Uni project presentation","3-6-2025","8:20:00 PM","3-6-2025","9:30:00 PM","False","Alexandru Toma","",""
"Faculty Exam","10-6-2025","7:00:00 PM","10-6-2025","9:00:00 PM","False","Adrian Visan","",""
"University Attendance, Exam","5-6-2025","1:00:00 PM","5-6-2025","5:00:00 PM","False","Razvan Dumitru","","University"
"Exam","4-6-2025","12:00:00 PM","4-6-2025","2:00:00 PM","False","Tiberiu Iatan","","UPB"
"Exam","4-6-2025","2:00:00 PM","4-6-2025","4:00:00 PM","False","Tiberiu Iatan","","UPB"
"Exam and Presentation","4-6-2025","11:00:00 AM","4-6-2025","4:00:00 PM","False","Mihai Alexandru Militaru","",""
"Exam","4-6-2025","7:30:00 PM","4-6-2025","9:00:00 PM","False","Cristian Valentin Alexa","",""
"Faculty Exam","13-6-2025","12:00:00 PM","13-6-2025","2:00:00 PM","False","Adrian Visan","",""
"Project presentation","6-6-2025","7:00:00 PM","6-6-2025","9:00:00 PM","False","Andreea Marina Son","",""
"University Attendance, Exam","10-6-2025","2:00:00 PM","10-6-2025","6:00:00 PM","False","Razvan Dumitru","","University"
"University Attendance, Exam","11-6-2025","4:00:00 PM","11-6-2025","6:00:00 PM","False","Razvan Dumitru","","University"
"University Attendance: University exam","10-6-2025","11:00:00 AM","10-6-2025","3:00:00 PM","False","Cosmin Chirazi","University exam
","University"
"University Attendance,Exam","10-6-2025","1:00:00 PM","10-6-2025","3:00:00 PM","False","Alexandru Mirea","",""
"Exam","10-6-2025","4:00:00 PM","10-6-2025","7:00:00 PM","False","Robert Alexandru Badea","",""
"Exam","13-6-2025","8:00:00 AM","13-6-2025","12:00:00 PM","False","Raul Gabriel Chiorean","",""
"Pascan Daniela: Graduation","1-7-2025","12:00:00 AM","2-7-2025","12:00:00 AM","True","Daniela Maria Pascan","",""
"University Attendance: University Exam","12-6-2025","12:00:00 PM","12-6-2025","3:00:00 PM","False","Cosmin Chirazi","University Exam","University"
"Ridicare documente ","17-6-2025","2:30:00 PM","17-6-2025","3:30:00 PM","False","Anca Elena Ilie","",""
"University exam","13-6-2025","6:00:00 PM","13-6-2025","9:00:00 PM","False","Tiberiu Iatan","","""Politehnica"" University of Bucharest"
"University Attendance,Exam","13-6-2025","11:00:00 AM","13-6-2025","1:00:00 PM","False","Alexandru Mirea","",""
"Ridicare Diploma de Licenta","16-6-2025","2:00:00 PM","16-6-2025","4:00:00 PM","False","Andrei Alexandru Gheorghe","",""
"Exam","16-6-2025","7:30:00 PM","16-6-2025","8:00:00 PM","False","Delia Tudor","",""
"Presentation","17-6-2025","12:00:00 PM","17-6-2025","3:00:00 PM","False","Mihai Alexandru Militaru","",""
"Exam","19-6-2025","8:00:00 PM","19-6-2025","11:00:00 PM","False","Mihai Alexandru Militaru","",""
"Faculty Exam","17-6-2025","12:00:00 PM","17-6-2025","2:00:00 PM","False","Adrian Visan","",""
"Faculty Exam","20-6-2025","12:00:00 PM","20-6-2025","2:00:00 PM","False","Adrian Visan","",""
"Exam","18-6-2025","3:00:00 PM","18-6-2025","6:00:00 PM","False","Raul Gabriel Chiorean","",""
"Exam","23-6-2025","10:00:00 AM","23-6-2025","2:00:00 PM","False","Raul Gabriel Chiorean","",""
"Graduation","19-6-2025","3:00:00 PM","19-6-2025","6:00:00 PM","False","Tiberiu Iatan","","""Politehnica"" University of Bucharest"
"Dissertation thesis presentation","23-6-2025","6:00:00 PM","23-6-2025","8:00:00 PM","False","Costin Manolescu","","N.U.S.T Politehnica Bucharest"
"University Attendance,Project","23-6-2025","7:00:00 PM","23-6-2025","9:00:00 PM","False","Alexandru Mirea","",""
"Popescu Bianca: Bachelor's degree exam","1-7-2025","12:00:00 PM","1-7-2025","4:30:00 PM","False","Bianca Popescu","",""
"Dissertation thesis presentation","23-6-2025","5:00:00 PM","23-6-2025","7:30:00 PM","False","Robert Alexandru Badea","",""
"Inscriere examen disertatie","26-6-2025","12:00:00 PM","26-6-2025","2:00:00 PM","False","Anca Elena Ilie","","Pitesti"
"Andreea Cojocaru: Example of annual leave calendar event","30-5-2025","12:00:00 AM","2-6-2025","12:00:00 AM","True","Andreea Cojocaru","Example of annual leave calendar event",""
"Rares Anton Brezeanu: annual leave","18-6-2025","12:00:00 AM","24-6-2025","12:00:00 AM","True","Andreea Cojocaru","annual leave",""
"Alina Trincu: Graduation ","27-6-2025","12:00:00 AM","28-6-2025","12:00:00 AM","True","Alina Trincu","Graduation ",""
"Cosmin Gabriel Mirea: Annual leave","27-6-2025","12:00:00 AM","28-6-2025","12:00:00 AM","True","Cosmin Gabriel Mirea","Annual leave",""
"Tiberiu Iatan: Annual leave","25-6-2025","12:00:00 AM","26-6-2025","12:00:00 AM","True","Tiberiu Iatan","Annual leave",""
"Exam","5-6-2025","6:00:00 PM","5-6-2025","8:00:00 PM","False","Andreea Cacenschi","",""
"Exam","10-6-2025","12:00:00 PM","10-6-2025","2:00:00 PM","False","Andreea Cacenschi","",""
"exam","12-6-2025","1:00:00 PM","12-6-2025","4:00:00 PM","False","Andreea Cacenschi","",""
"University attendance: faculty exam","13-6-2025","3:30:00 PM","13-6-2025","6:30:00 PM","False","Andrei Margelatu","",""
"University attendance: faculty exam","17-6-2025","3:00:00 PM","17-6-2025","6:00:00 PM","False","Andrei Margelatu","",""
"University attendance: faculty exam","23-6-2025","6:30:00 PM","23-6-2025","8:30:00 PM","False","Andrei Margelatu","",""
"University attendance: faculty exam","24-6-2025","6:30:00 PM","24-6-2025","8:30:00 PM","False","Andrei Margelatu","",""
"university exam","24-6-2025","4:00:00 PM","24-6-2025","6:00:00 PM","False","Andreea Cacenschi","",""
